{
  "logs": [
    {
      "epoch": 1,
      "loss": 1.121058464050293,
      "acc": 0.28125
    }
  ],
  "pass": {}
}